model,symbol,pi_hat,kupiec_p,kupiec_rej,qs,width,traffic_light,gamma
Chronos-Small,SP500,0.014270032930845226,0.08515865134500755,False,5.884055784149646,0.041751452601621046,Green,0.001
Chronos-Small,STOXX,0.012016021361815754,0.44719083176527896,False,4.0425691872229885,0.030104399129313914,Green,0.001
Chronos-Small,GDAXI,0.012479652740097666,0.3029597681205556,False,5.399589581134604,0.03803270719466545,Green,0.001
Chronos-Small,CACT,0.01293103448275862,0.2246705574680693,False,5.585351027022161,0.03871987047069565,Green,0.001
Chronos-Small,FTSE100,0.010911074740861976,0.6992379726087683,False,4.753500851156691,0.03172412448978016,Green,0.001
Chronos-Small,ICLN,0.010126582278481013,0.9651411414098513,False,5.539278078020473,0.04347913789626917,Green,0.001
Chronos-Small,NIKKEI,0.012415349887133182,0.32473380983980304,False,5.496593047925548,0.03785980167484393,Green,0.001
Chronos-Small,HSI,0.011771300448430493,0.4645172052755361,False,5.930716687501059,0.04145015070457704,Green,0.001
Chronos-Small,BOVESPA,0.012263099219620958,0.3521456148267904,False,6.662189490713893,0.04753067007929596,Green,0.001
Chronos-Small,NIFTY,0.012417218543046357,0.41581755547378607,False,3.2569078687631006,0.022394687038741805,Green,0.001
Chronos-Small,ASX200,0.012002182214948172,0.40359923697929645,False,4.291152731318804,0.030317419071247298,Green,0.001
Chronos-Small,CBU0,0.010245901639344262,0.938703827723006,False,1.4826097601566728,0.01234228476713195,Green,0.001
Chronos-Small,TLT,0.010423053341508276,0.8645888499674934,False,3.555723785053417,0.026381273205704568,Green,0.001
Chronos-Small,IBGL,0.012234910277324634,0.44731818608566865,False,2.3268359401351506,0.019708572085643923,Green,0.005
Chronos-Small,DJCI,0.015873015873015872,0.1523089390947161,False,4.093286677800119,0.028083895575580272,Green,0.001
Chronos-Small,GOLD,0.014124293785310734,0.10059953092198659,False,4.588415413631025,0.031075128870817384,Green,0.001
Chronos-Small,WTI,0.011286681715575621,0.5937683130143729,False,14.807198540044318,0.09132043401393174,Green,0.001
Chronos-Small,NATGAS,0.011857707509881422,0.44526263966764146,False,16.66426639411437,0.12018570742003665,Green,0.001
Chronos-Small,BTC,0.013550135501355014,0.2600570085382622,False,8.832993882989609,0.06318881200264355,Green,0.001
Chronos-Small,ETH,0.01706036745406824,0.07514229653849303,False,13.989066496918024,0.10352201498014356,Yellow,0.001
Chronos-Small,EURUSD,0.011378002528445006,0.5898872140862619,False,1.6332276533806938,0.011862148849895488,Green,0.001
Chronos-Small,GBPUSD,0.011356466876971609,0.5952442973867016,False,1.9652264016121008,0.013740271146958773,Green,0.001
Chronos-Small,USDJPY,0.013241525423728813,0.17746885569963744,False,2.375932068100346,0.01805112223223481,Green,0.001
Chronos-Small,AUDUSD,0.010752688172043012,0.7801371761149006,False,2.260793711544451,0.01586096280894787,Green,0.001
Chronos-Mini,SP500,0.013713658804168952,0.13140823071265018,False,5.293234657080665,0.03853308922698892,Green,0.001
Chronos-Mini,STOXX,0.010680907877169559,0.7933427550123541,False,4.105831903204289,0.029120220335513314,Green,0.001
Chronos-Mini,GDAXI,0.011937059142702116,0.417356215361922,False,5.273628280357815,0.036499153571495115,Green,0.001
Chronos-Mini,CACT,0.013469827586206896,0.1536179050951606,False,5.6192854378491655,0.039431337356753776,Green,0.001
Chronos-Mini,FTSE100,0.011456628477905073,0.5401659942376766,False,4.902214254588541,0.03347758426665888,Green,0.001
Chronos-Mini,ICLN,0.010970464135021098,0.7409580122678089,False,5.592432411670728,0.04363737491624606,Green,0.001
Chronos-Mini,NIKKEI,0.012415349887133182,0.32473380983980304,False,5.493403897720218,0.03838244170998034,Green,0.001
Chronos-Mini,HSI,0.011210762331838564,0.6141271416648839,False,5.654088285711917,0.03940693130889086,Green,0.001
Chronos-Mini,BOVESPA,0.011148272017837236,0.631251885167142,False,6.34427446780542,0.04415426811087139,Green,0.001
Chronos-Mini,NIFTY,0.011589403973509934,0.5881415432867518,False,3.312952586624704,0.023314038334396773,Green,0.005
Chronos-Mini,ASX200,0.01309328968903437,0.20386830864997318,False,4.4771981084922485,0.03347255696408632,Green,0.001
Chronos-Mini,CBU0,0.010245901639344262,0.938703827723006,False,1.4982794645919748,0.01247676670402585,Green,0.001
Chronos-Mini,TLT,0.010423053341508276,0.8645888499674934,False,3.9237959929596635,0.029196266767156264,Green,0.001
Chronos-Mini,IBGL,0.012234910277324634,0.44731818608566865,False,2.4513116942001067,0.020885742351041337,Green,0.001
Chronos-Mini,DJCI,0.015873015873015872,0.1523089390947161,False,4.078847947165576,0.028000585235056767,Green,0.001
Chronos-Mini,GOLD,0.013559322033898305,0.1533952407231467,False,4.557857292308548,0.03064289976055043,Green,0.001
Chronos-Mini,WTI,0.010163749294184076,0.9449320315273775,False,14.758544415695235,0.08984196891325505,Green,0.001
Chronos-Mini,NATGAS,0.01129305477131564,0.5920815997022498,False,16.601106584831083,0.11335841723426227,Green,0.001
Chronos-Mini,BTC,0.013550135501355014,0.2600570085382622,False,8.988220281000341,0.06320405030747894,Green,0.001
Chronos-Mini,ETH,0.01706036745406824,0.07514229653849303,False,14.026125181824252,0.10096868754828534,Yellow,0.001
Chronos-Mini,EURUSD,0.011378002528445006,0.5898872140862619,False,1.6299415016690535,0.011825486870899364,Green,0.001
Chronos-Mini,GBPUSD,0.012618296529968454,0.3140666870110007,False,1.9563705641836961,0.013844173101667544,Green,0.001
Chronos-Mini,USDJPY,0.013241525423728813,0.17746885569963744,False,2.3634591635412368,0.018007960010867838,Green,0.001
Chronos-Mini,AUDUSD,0.010752688172043012,0.7801371761149006,False,2.2325218506107825,0.015820224875647812,Green,0.001
TimesFM-2.5,SP500,0.013706140350877192,0.13204636054365415,False,4.884051770667304,0.03619973889058971,Green,0.001
TimesFM-2.5,STOXX,0.014686248331108143,0.0883793753191432,False,3.9568513189632792,0.030030466316656967,Green,0.001
TimesFM-2.5,GDAXI,0.013564839934888768,0.14458324912751985,False,5.028450621488485,0.036490814051662296,Green,0.001
TimesFM-2.5,CACT,0.013469827586206896,0.1536179050951606,False,4.951239538406466,0.035981603945592536,Green,0.001
TimesFM-2.5,FTSE100,0.01309328968903437,0.20386830864997318,False,4.4807722350837285,0.030612176651406392,Green,0.001
TimesFM-2.5,ICLN,0.012658227848101266,0.37709967670186806,False,5.408492480327728,0.04248462025565968,Green,0.001
TimesFM-2.5,NIKKEI,0.012415349887133182,0.32473380983980304,False,4.962095324556295,0.03610111944746157,Green,0.001
TimesFM-2.5,HSI,0.01233183856502242,0.3395375912110068,False,5.786496138346674,0.04144836293762349,Green,0.001
TimesFM-2.5,BOVESPA,0.013935340022296544,0.11382824080797971,False,5.618977087409373,0.04058696537551693,Green,0.001
TimesFM-2.5,NIFTY,0.013245033112582781,0.28021145407544146,False,3.3356917052637223,0.024184100336956928,Green,0.001
TimesFM-2.5,ASX200,0.01309328968903437,0.20386830864997318,False,3.9964582579774053,0.02926242589121459,Green,0.001
TimesFM-2.5,CBU0,0.011270491803278689,0.6958216272322967,False,1.4639497098919296,0.012030351948404943,Green,0.001
TimesFM-2.5,TLT,0.011649294911097487,0.5141631712685395,False,3.195964695240225,0.025071422253953476,Green,0.001
TimesFM-2.5,IBGL,0.013866231647634585,0.19866475632968594,False,2.6372137202080594,0.021329652120225112,Green,0.001
TimesFM-2.5,DJCI,0.01443001443001443,0.27167627399769556,False,3.3405800236967083,0.026583307644797306,Green,0.001
TimesFM-2.5,GOLD,0.012994350282485875,0.22616681355267754,False,4.450606198999839,0.030850185646009727,Green,0.001
TimesFM-2.5,WTI,0.012415349887133182,0.32473380983980304,False,12.392642357590969,0.0802690100267614,Green,0.001
TimesFM-2.5,NATGAS,0.011857707509881422,0.44526263966764146,False,15.680581118972887,0.1108033581560546,Green,0.001
TimesFM-2.5,BTC,0.014453477868112014,0.16265044664620232,False,8.762868151903435,0.06160270586806264,Green,0.001
TimesFM-2.5,ETH,0.011811023622047244,0.625223643075066,False,13.457598533226934,0.0967970567389104,Green,0.001
TimesFM-2.5,EURUSD,0.012010113780025285,0.43603539706156913,False,1.644413889303677,0.012435588443673885,Green,0.001
TimesFM-2.5,GBPUSD,0.013249211356466877,0.21555135242363277,False,2.062920202822439,0.014976548961009566,Green,0.001
TimesFM-2.5,USDJPY,0.012711864406779662,0.25574042597286895,False,2.283827389015831,0.017103122989827628,Green,0.001
TimesFM-2.5,AUDUSD,0.012186379928315413,0.42746860716224266,False,2.261301400199462,0.016079241667053826,Green,0.001
Moirai-2.0,SP500,0.013157894736842105,0.19607628987637782,False,4.923790660760684,0.03651203102066827,Green,0.001
Moirai-2.0,STOXX,0.012016021361815754,0.44719083176527896,False,3.994045597644965,0.030740885343372795,Green,0.001
Moirai-2.0,GDAXI,0.013022246337493217,0.21275554177591294,False,4.734196127482903,0.03423008547411591,Green,0.001
Moirai-2.0,CACT,0.011314655172413793,0.5771790098665075,False,5.053002397686875,0.03682454710462276,Green,0.001
Moirai-2.0,FTSE100,0.011456628477905073,0.5401659942376766,False,4.1845148073553835,0.02926115894005703,Green,0.001
Moirai-2.0,ICLN,0.012658227848101266,0.37709967670186806,False,5.919550081340708,0.04571415096704731,Green,0.001
Moirai-2.0,NIKKEI,0.012415349887133182,0.32473380983980304,False,4.87009860069488,0.03869426414080748,Green,0.001
Moirai-2.0,HSI,0.010089686098654708,0.9696750750539642,False,5.736926118295847,0.04047584397707803,Green,0.001
Moirai-2.0,BOVESPA,0.01282051282051282,0.24993764678860186,False,6.387164998117999,0.04523015322839743,Green,0.001
Moirai-2.0,NIFTY,0.01076158940397351,0.7927100590327836,False,3.2237690161183403,0.023018890271858446,Green,0.005
Moirai-2.0,ASX200,0.01309328968903437,0.20386830864997318,False,3.86021122176534,0.031254328999137986,Green,0.005
Moirai-2.0,CBU0,0.011270491803278689,0.6958216272322967,False,1.660090684517159,0.013435703801358948,Green,0.001
Moirai-2.0,TLT,0.011036174126302882,0.6791097305362034,False,3.6094138542237424,0.026210967877810524,Green,0.001
Moirai-2.0,IBGL,0.013050570962479609,0.30517715374895826,False,2.8594132832610843,0.02413014623200961,Green,0.005
Moirai-2.0,DJCI,0.015873015873015872,0.1523089390947161,False,3.2709350040525957,0.025503507533979026,Green,0.001
Moirai-2.0,GOLD,0.013559322033898305,0.1533952407231467,False,4.89381164730934,0.03597465408928831,Green,0.001
Moirai-2.0,WTI,0.011851015801354402,0.44673078787807863,False,12.697828673877282,0.08934089005765905,Green,0.001
Moirai-2.0,NATGAS,0.012987012987012988,0.22712813646854635,False,16.875709210701576,0.12527300852575485,Green,0.001
Moirai-2.0,BTC,0.015356820234869015,0.09681264281599422,False,9.570666836786438,0.0711543656179286,Green,0.001
Moirai-2.0,ETH,0.011811023622047244,0.625223643075066,False,12.374371740772583,0.09614727738909461,Green,0.001
Moirai-2.0,EURUSD,0.010745891276864728,0.7682928701632186,False,1.713992604536928,0.013383180411256782,Green,0.001
Moirai-2.0,GBPUSD,0.011987381703470032,0.44065814911940526,False,2.065246923110318,0.01570677295912028,Green,0.001
Moirai-2.0,USDJPY,0.011122881355932203,0.6300336726633624,False,2.2342541630091777,0.016204442084427693,Green,0.001
Moirai-2.0,AUDUSD,0.010752688172043012,0.7801371761149006,False,2.331636719292164,0.0179333669712447,Green,0.001
Lag-Llama,SP500,0.013157894736842105,0.19607628987637782,False,4.616026851363529,0.0359055398955325,Green,0.001
Lag-Llama,STOXX,0.01335113484646195,0.21496590181682496,False,3.50947607582621,0.02918478190961202,Green,0.001
Lag-Llama,GDAXI,0.013022246337493217,0.21275554177591294,False,5.093128252189395,0.036757354019719725,Green,0.001
Lag-Llama,CACT,0.011853448275862068,0.4355689355879907,False,4.973443948846358,0.03554457146748324,Green,0.001
Lag-Llama,FTSE100,0.011456628477905073,0.5401659942376766,False,4.034196308186182,0.028823270823590468,Green,0.001
Lag-Llama,ICLN,0.01181434599156118,0.5417165473512384,False,5.790541605732004,0.04392001128168312,Green,0.001
Lag-Llama,NIKKEI,0.012979683972911963,0.22809199530322133,False,4.773059505180669,0.03822500398151401,Green,0.001
Lag-Llama,HSI,0.011210762331838564,0.6141271416648839,False,5.722222318081688,0.04102586216229462,Green,0.001
Lag-Llama,BOVESPA,0.01282051282051282,0.24993764678860186,False,5.008899400952762,0.03751659878511083,Green,0.001
Lag-Llama,NIFTY,0.014072847682119206,0.18010204874931868,False,3.260144196913742,0.02683582051203981,Green,0.001
Lag-Llama,ASX200,0.012002182214948172,0.40359923697929645,False,3.888132939607565,0.030464301408278816,Green,0.001
Lag-Llama,CBU0,0.010245901639344262,0.938703827723006,False,1.6411884867888584,0.01402710779331652,Green,0.001
Lag-Llama,TLT,0.011649294911097487,0.5141631712685395,False,3.21305885440883,0.027549073471135173,Green,0.001
Lag-Llama,IBGL,0.010603588907014683,0.8333996385166496,False,2.879397929353508,0.024125311041079997,Green,0.001
Lag-Llama,DJCI,0.017316017316017316,0.07952006629122066,False,4.054746402050905,0.02961997768652976,Yellow,0.001
Lag-Llama,GOLD,0.014689265536723164,0.06382723343489938,False,4.835273640089477,0.03582317522070827,Green,0.001
Lag-Llama,WTI,0.011851015801354402,0.44673078787807863,False,12.221576716208235,0.08267058533230906,Green,0.001
Lag-Llama,NATGAS,0.011857707509881422,0.44526263966764146,False,15.561100059574834,0.12148029555568067,Green,0.001
Lag-Llama,BTC,0.011743450767841012,0.570481979039452,False,9.714360749566932,0.06854920190565873,Green,0.001
Lag-Llama,ETH,0.014435695538057743,0.24848833378519108,False,14.353991369773043,0.10363946535892447,Green,0.001
Lag-Llama,EURUSD,0.012010113780025285,0.43603539706156913,False,1.8587597558319602,0.014501709438943721,Green,0.005
Lag-Llama,GBPUSD,0.0138801261829653,0.1425192636728312,False,2.223023164322958,0.01634386697202541,Green,0.001
Lag-Llama,USDJPY,0.013241525423728813,0.17746885569963744,False,2.3834951702051126,0.018355254407567727,Green,0.001
Lag-Llama,AUDUSD,0.012903225806451613,0.2969126723644476,False,2.5723494432086427,0.019295421746747074,Green,0.001
GJR-GARCH,SP500,0.012092534174553101,0.37453480021221885,False,4.454430176710542,0.03462345663232353,Green,0.001
GJR-GARCH,STOXX,0.01077996195307546,0.7585282787838201,False,3.957836137176397,0.03130547202642643,Green,0.005
GJR-GARCH,GDAXI,0.011966701352757543,0.40061365869606225,False,4.125069468074787,0.03403769065359068,Green,0.001
GJR-GARCH,CACT,0.011886304909560724,0.41803185904765616,False,4.048757124164752,0.03270204054563838,Green,0.001
GJR-GARCH,FTSE100,0.012035583464154892,0.3861607757173292,False,3.432346307413947,0.025503305334225075,Green,0.001
GJR-GARCH,ICLN,0.014251781472684086,0.15343329232641822,False,6.289131664419698,0.04911822648994285,Green,0.001
GJR-GARCH,NIKKEI,0.011345218800648298,0.5690586997989819,False,4.594578622555627,0.0372217308498481,Green,0.001
GJR-GARCH,HSI,0.011815252416756176,0.44409711846840383,False,5.148259905578718,0.035728476015377195,Green,0.001
GJR-GARCH,BOVESPA,0.012813667912439935,0.2408686232771038,False,4.647043328960159,0.03724914322261449,Green,0.001
GJR-GARCH,NIFTY,0.014763014763014764,0.10876614914161875,False,3.105034756032085,0.023103847930656576,Green,0.001
GJR-GARCH,ASX200,0.01202928870292887,0.3874636838587856,False,3.3226371405774415,0.026794471622275568,Green,0.001
GJR-GARCH,CBU0,0.012322274881516588,0.46444449587713976,False,1.5019680018855948,0.012123576451180137,Green,0.001
GJR-GARCH,TLT,0.012287887653598596,0.35875164387277547,False,3.0363738277980916,0.025186117167259454,Green,0.001
GJR-GARCH,IBGL,0.014559386973180077,0.1211665531208107,False,2.58698776806586,0.021314607761625415,Green,0.001
GJR-GARCH,DJCI,0.018134715025906734,0.04142492591536684,True,3.0258619596389695,0.025350355196253095,Yellow,0.001
GJR-GARCH,GOLD,0.010822510822510822,0.7258123575615794,False,4.104031559172899,0.030518687850681247,Green,0.001
GJR-GARCH,WTI,0.012432432432432432,0.31101847403066896,False,10.921086259799322,0.08215128121450085,Green,0.001
GJR-GARCH,NATGAS,0.013513513513513514,0.14940154879290224,False,14.33206497022375,0.11474810541684206,Green,0.001
GJR-GARCH,BTC,0.015189873417721518,0.09533639810531203,False,9.876639939222596,0.0769004617799044,Green,0.001
GJR-GARCH,ETH,0.013079667063020214,0.39143203640410706,False,14.440244607939928,0.1117341031307032,Green,0.001
GJR-GARCH,EURUSD,0.01144578313253012,0.5627964377232011,False,1.6244229745813938,0.012497110401511241,Green,0.001
GJR-GARCH,GBPUSD,0.013221153846153846,0.20822688825403812,False,1.9795994556706837,0.015262949815978474,Green,0.001
GJR-GARCH,USDJPY,0.011698880976602238,0.4609827225645565,False,2.1812550968690925,0.015592908545550661,Green,0.001
GJR-GARCH,AUDUSD,0.012219959266802444,0.4079329032173703,False,2.239992382278823,0.016691239841161266,Green,0.001
GARCH-N,SP500,0.012092534174553101,0.37453480021221885,False,4.0446051742047295,0.03178275514413997,Green,0.001
GARCH-N,STOXX,0.012682308180088777,0.3040408952482575,False,4.137347416720855,0.02991206569284226,Green,0.001
GARCH-N,GDAXI,0.012486992715920915,0.2914449508019863,False,4.530373308902189,0.03490935539217498,Green,0.001
GARCH-N,CACT,0.012919896640826873,0.21673624541966596,False,4.458407185092665,0.03548988473465799,Green,0.001
GARCH-N,FTSE100,0.012035583464154892,0.3861607757173292,False,3.676485325113381,0.026821893922124865,Green,0.001
GARCH-N,ICLN,0.012668250197941409,0.3601035321246744,False,5.929937332980927,0.04500598163102694,Green,0.001
GARCH-N,NIKKEI,0.011885467314964884,0.42852071983628093,False,4.912481319231229,0.03717257867889141,Green,0.001
GARCH-N,HSI,0.012352309344790547,0.32510930021738926,False,5.382952333591608,0.03783785029702257,Green,0.001
GARCH-N,BOVESPA,0.012813667912439935,0.2408686232771038,False,4.706004283452466,0.035428667983617324,Green,0.001
GARCH-N,NIFTY,0.01320901320901321,0.2701296444226774,False,3.176967321433663,0.024828411537310746,Green,0.001
GARCH-N,ASX200,0.012552301255230125,0.28065814832609326,False,3.5195967311684107,0.027909349628716197,Green,0.001
GARCH-N,CBU0,0.011374407582938388,0.6606352030663153,False,1.3927485743812025,0.011632648092164345,Green,0.001
GARCH-N,TLT,0.010532475131655939,0.8263907330458332,False,2.929408601323669,0.024947500650699055,Green,0.005
GARCH-N,IBGL,0.012260536398467433,0.4279575501884225,False,2.3449982229022606,0.020490381607241568,Green,0.005
GARCH-N,DJCI,0.014248704663212436,0.2647252271737587,False,3.2950895746293383,0.025057069839196127,Green,0.001
GARCH-N,GOLD,0.01406926406926407,0.09761152435111586,False,4.175256159215462,0.031187658172377553,Green,0.001
GARCH-N,WTI,0.011891891891891892,0.4271175368964937,False,11.722748225943578,0.08484389863830971,Green,0.001
GARCH-N,NATGAS,0.012972972972972972,0.21912050307411413,False,14.430667502994112,0.11475099228440765,Green,0.001
GARCH-N,BTC,0.015189873417721518,0.09533639810531203,False,8.885817924338882,0.06750752626638189,Green,0.001
GARCH-N,ETH,0.014268727705112961,0.24230283873447422,False,13.247894567084591,0.10025558675631113,Green,0.001
GARCH-N,EURUSD,0.010240963855421687,0.9217080836974203,False,1.5144085760020933,0.01154884075394053,Green,0.001
GARCH-N,GBPUSD,0.01201923076923077,0.42234843166393143,False,1.9177093126413862,0.014510480728258963,Green,0.001
GARCH-N,USDJPY,0.011190233977619531,0.6027331619968641,False,2.107112513063644,0.014563887041632927,Green,0.001
GARCH-N,AUDUSD,0.010862186014935505,0.7429092487528821,False,2.1106319655116543,0.015554946292417509,Green,0.001
Hist-Sim,SP500,0.01840168243953733,0.0009794634574257222,True,6.073308613244019,0.045347123232145035,Yellow,0.001
Hist-Sim,STOXX,0.013316423589093214,0.20777142523648595,False,5.719437641854098,0.04142644755777919,Green,0.001
Hist-Sim,GDAXI,0.01404786680541103,0.09276823427206593,False,5.642557543792222,0.04054770039029044,Green,0.001
Hist-Sim,CACT,0.013953488372093023,0.09907377190052935,False,5.7541571043118775,0.042077002316395384,Green,0.001
Hist-Sim,FTSE100,0.013082155939298797,0.19604976085896186,False,5.048426868087436,0.03509415329485226,Green,0.001
Hist-Sim,ICLN,0.014251781472684086,0.15343329232641822,False,6.406519931902152,0.04722323642143874,Green,0.001
Hist-Sim,NIKKEI,0.014586709886547812,0.0634132788029993,False,6.1508417702064,0.047383349245149656,Green,0.001
Hist-Sim,HSI,0.012352309344790547,0.32510930021738926,False,6.133259728076833,0.04460173852682249,Green,0.001
Hist-Sim,BOVESPA,0.017084890549919914,0.005126700128083583,True,7.2296849974477135,0.05294300394638323,Yellow,0.001
Hist-Sim,NIFTY,0.017094017094017096,0.020184224227544845,True,4.077786408850811,0.029268099973698128,Yellow,0.001
Hist-Sim,ASX200,0.015690376569037656,0.020956511650298104,True,5.108222638007124,0.03907886918107552,Green,0.001
Hist-Sim,CBU0,0.011374407582938388,0.6606352030663153,False,1.5309203036965209,0.012964173546439693,Green,0.001
Hist-Sim,TLT,0.012287887653598596,0.35875164387277547,False,4.119547002297119,0.03325074075323732,Green,0.001
Hist-Sim,IBGL,0.01532567049808429,0.07295637902591934,False,2.4471117309146435,0.020892071971547903,Green,0.001
Hist-Sim,DJCI,0.018134715025906734,0.04142492591536684,True,4.332135947837507,0.0332923779176603,Yellow,0.001
Hist-Sim,GOLD,0.012987012987012988,0.2172898446417627,False,4.538667214804838,0.03232354978707615,Green,0.001
Hist-Sim,WTI,0.014594594594594595,0.06305764753772947,False,16.212764085885826,0.11826102943218227,Green,0.001
Hist-Sim,NATGAS,0.012432432432432432,0.31101847403066896,False,18.281783414386755,0.12922048647448459,Green,0.001
Hist-Sim,BTC,0.014345991561181435,0.15805392213811287,False,9.600825097220202,0.06725119155170571,Green,0.001
Hist-Sim,ETH,0.013079667063020214,0.39143203640410706,False,13.737875939132596,0.10223331892850368,Green,0.005
Hist-Sim,EURUSD,0.012048192771084338,0.4164815159751978,False,1.6676574084476754,0.012390987271619209,Green,0.001
Hist-Sim,GBPUSD,0.013221153846153846,0.20822688825403812,False,2.11959301308473,0.015187677012861835,Green,0.001
Hist-Sim,USDJPY,0.014242115971515769,0.07553635414896775,False,2.373302296831667,0.018763830226300907,Green,0.001
Hist-Sim,AUDUSD,0.014256619144602852,0.12276247263744855,False,2.5351327610341188,0.019043453003047137,Green,0.001
EWMA,SP500,0.012092534174553101,0.37453480021221885,False,4.2901394216687505,0.03455232659577711,Green,0.001
EWMA,STOXX,0.011414077362079899,0.5809932802206319,False,4.521619687642228,0.03187297388531524,Green,0.005
EWMA,GDAXI,0.012486992715920915,0.2914449508019863,False,4.75243994415193,0.03609973734939326,Green,0.001
EWMA,CACT,0.012403100775193798,0.30581955634963653,False,4.87467138571471,0.03670923017443247,Green,0.001
EWMA,FTSE100,0.012558869701726845,0.27959248900459877,False,4.346501297756506,0.031653142331785025,Green,0.001
EWMA,ICLN,0.011084718923198733,0.7033516638498996,False,5.730344662101186,0.04428730065897793,Green,0.001
EWMA,NIKKEI,0.011345218800648298,0.5690586997989819,False,4.977046334523058,0.036805987750845835,Green,0.001
EWMA,HSI,0.011815252416756176,0.44409711846840383,False,5.06192947397491,0.036250678405492155,Green,0.001
EWMA,BOVESPA,0.012813667912439935,0.2408686232771038,False,5.1336875291029,0.03826698233867489,Green,0.001
EWMA,NIFTY,0.011655011655011656,0.5609290663102942,False,3.125478716636427,0.023670765079731388,Green,0.001
EWMA,ASX200,0.01307531380753138,0.19688517081646462,False,3.7212991204937467,0.029915614987332487,Green,0.001
EWMA,CBU0,0.011374407582938388,0.6606352030663153,False,1.4500001649157066,0.012298294632494917,Green,0.001
EWMA,TLT,0.012287887653598596,0.35875164387277547,False,3.024912535321052,0.024695765990228682,Green,0.001
EWMA,IBGL,0.010727969348659003,0.7939223788497233,False,2.338156495034854,0.020222337146311012,Green,0.005
EWMA,DJCI,0.015544041450777202,0.15218340756032478,False,3.1030143048882137,0.02476237102536566,Green,0.001
EWMA,GOLD,0.012445887445887446,0.3087038251981542,False,4.248502852812582,0.02991279739357636,Green,0.001
EWMA,WTI,0.011891891891891892,0.4271175368964937,False,11.951272544155918,0.08631940336846441,Green,0.001
EWMA,NATGAS,0.011891891891891892,0.4271175368964937,False,14.32968990217381,0.11091243984458084,Green,0.001
EWMA,BTC,0.015189873417721518,0.09533639810531203,False,8.7525623515394,0.0673076997937006,Green,0.001
EWMA,ETH,0.015457788347205707,0.14081082820840585,False,13.435805964821414,0.10494259756694517,Green,0.001
EWMA,EURUSD,0.012650602409638554,0.29717683358548774,False,1.5505773196792625,0.012089742613160696,Green,0.001
EWMA,GBPUSD,0.01141826923076923,0.5696280762766963,False,1.9355892347096486,0.014579922691149149,Green,0.001
EWMA,USDJPY,0.011698880976602238,0.4609827225645565,False,2.0262620815597234,0.014624300364948599,Green,0.001
EWMA,AUDUSD,0.011541072640868975,0.5617650950058914,False,2.1552790060767046,0.016205933132623525,Green,0.001
